{
  "K_values": [
    1,
    3,
    5,
    10,
    15
  ],
  "by_K": {
    "1": {
      "attnweight": {
        "mean": 0.0,
        "std": 0.0,
        "n": 5,
        "values": [
          0.0,
          0.0,
          0.0,
          0.0,
          0.0
        ]
      },
      "commactrl": {
        "mean": 0.0,
        "std": 0.0,
        "n": 5,
        "values": [
          0.0,
          0.0,
          0.0,
          0.0,
          0.0
        ]
      },
      "random": {
        "mean": 0.0,
        "std": 0.0,
        "n_seeds": 5,
        "per_seed_mean": [
          0.0,
          0.0,
          0.0,
          0.0,
          0.0
        ]
      }
    },
    "3": {
      "attnweight": {
        "mean": 0.1,
        "std": 0.07905694150420949,
        "n": 5,
        "values": [
          0.05,
          0.1,
          0.0,
          0.2,
          0.15
        ]
      },
      "commactrl": {
        "mean": 0.0,
        "std": 0.0,
        "n": 5,
        "values": [
          0.0,
          0.0,
          0.0,
          0.0,
          0.0
        ]
      },
      "random": {
        "mean": 0.0,
        "std": 0.0,
        "n_seeds": 5,
        "per_seed_mean": [
          0.0,
          0.0,
          0.0,
          0.0,
          0.0
        ]
      }
    },
    "5": {
      "attnweight": {
        "mean": 0.44000000000000006,
        "std": 0.24849547279578355,
        "n": 5,
        "values": [
          0.85,
          0.5,
          0.25,
          0.3,
          0.3
        ]
      },
      "commactrl": {
        "mean": 0.0,
        "std": 0.0,
        "n": 5,
        "values": [
          0.0,
          0.0,
          0.0,
          0.0,
          0.0
        ]
      },
      "random": {
        "mean": 0.0,
        "std": 0.0,
        "n_seeds": 5,
        "per_seed_mean": [
          0.0,
          0.0,
          0.0,
          0.0,
          0.0
        ]
      }
    },
    "10": {
      "attnweight": {
        "mean": 0.45999999999999996,
        "std": 0.23291629397704233,
        "n": 5,
        "values": [
          0.35,
          0.3,
          0.25,
          0.6,
          0.8
        ]
      },
      "commactrl": {
        "mean": 0.0,
        "std": 0.0,
        "n": 5,
        "values": [
          0.0,
          0.0,
          0.0,
          0.0,
          0.0
        ]
      },
      "random": {
        "mean": 0.0,
        "std": 0.0,
        "n_seeds": 5,
        "per_seed_mean": [
          0.0,
          0.0,
          0.0,
          0.0,
          0.0
        ]
      }
    },
    "15": {
      "attnweight": {
        "mean": 0.49000000000000005,
        "std": 0.2162174831043965,
        "n": 5,
        "values": [
          0.2,
          0.75,
          0.65,
          0.45,
          0.4
        ]
      },
      "commactrl": {
        "mean": 0.0,
        "std": 0.0,
        "n": 5,
        "values": [
          0.0,
          0.0,
          0.0,
          0.0,
          0.0
        ]
      },
      "random": {
        "mean": 0.0,
        "std": 0.0,
        "n_seeds": 5,
        "per_seed_mean": [
          0.0,
          0.0,
          0.0,
          0.0,
          0.0
        ]
      }
    }
  }
}