{
  "ranked_layers": [
    0,
    13,
    12,
    10,
    32,
    11,
    33,
    59,
    60,
    7,
    14,
    46,
    56,
    45,
    41,
    34,
    37,
    31,
    49,
    43,
    6,
    35,
    38,
    55,
    48,
    58,
    42,
    40,
    4,
    9,
    5,
    39,
    47,
    50,
    44,
    2,
    61,
    52,
    3,
    36,
    16,
    53,
    8,
    54,
    15,
    17,
    51,
    57,
    1,
    30,
    19,
    28,
    18,
    20,
    22,
    23,
    21,
    24,
    29,
    27,
    26,
    25
  ],
  "l2_norms": [
    79.63517684936524,
    2.630740785598755,
    4.308079791069031,
    3.7056791305541994,
    5.735894680023193,
    5.4130744457244875,
    6.807793140411377,
    9.041106414794921,
    3.2784876823425293,
    5.569250679016113,
    17.98275508880615,
    11.815819358825683,
    31.88972625732422,
    38.77768974304199,
    8.800056552886963,
    3.2059249877929688,
    3.6374151706695557,
    3.015063762664795,
    1.753990602493286,
    2.2174907684326173,
    1.2199121475219727,
    0.6818735122680664,
    0.911032235622406,
    0.777678370475769,
    0.5091549038887024,
    0.3824956178665161,
    0.396524041891098,
    0.4483586072921753,
    2.0017351150512694,
    0.49515687227249144,
    2.5538027763366697,
    7.135599422454834,
    13.561909675598145,
    9.125592517852784,
    7.63117790222168,
    6.779462051391602,
    3.6568018913269045,
    7.17572021484375,
    6.69108476638794,
    5.157019138336182,
    6.020609283447266,
    8.34584093093872,
    6.099491310119629,
    6.9852336883544925,
    4.74429874420166,
    8.365414333343505,
    8.49981689453125,
    4.846718788146973,
    6.526656723022461,
    7.083188724517822,
    4.834277629852295,
    2.8052343845367433,
    4.110146999359131,
    3.529664421081543,
    3.23693208694458,
    6.571385288238526,
    8.37835988998413,
    2.7817553997039797,
    6.237894344329834,
    9.062481594085693,
    9.053930187225342,
    4.270395183563233
  ]
}